{
  "id": "3685648",
  "name": "blog",
  "font_family": "iconfont",
  "css_prefix_text": "icon-",
  "description": "",
  "glyphs": [
    {
      "icon_id": "738194",
      "name": "记录",
      "font_class": "jilu",
      "unicode": "e61f",
      "unicode_decimal": 58911
    },
    {
      "icon_id": "1620230",
      "name": "通讯录",
      "font_class": "tubiao-",
      "unicode": "e617",
      "unicode_decimal": 58903
    },
    {
      "icon_id": "629357",
      "name": "搜索",
      "font_class": "sousuo",
      "unicode": "e651",
      "unicode_decimal": 58961
    },
    {
      "icon_id": "6446244",
      "name": "密码（关）",
      "font_class": "tianchongxing-",
      "unicode": "e638",
      "unicode_decimal": 58936
    },
    {
      "icon_id": "6798100",
      "name": "调查日记",
      "font_class": "tiaochariji",
      "unicode": "e678",
      "unicode_decimal": 59000
    },
    {
      "icon_id": "7978873",
      "name": "智慧",
      "font_class": "icon_website_huabanfuben",
      "unicode": "e6d4",
      "unicode_decimal": 59092
    },
    {
      "icon_id": "10593772",
      "name": "帽子,知识,智慧,学识jurassic",
      "font_class": "jurassic_hat",
      "unicode": "e69a",
      "unicode_decimal": 59034
    },
    {
      "icon_id": "673798",
      "name": "首页_fill",
      "font_class": "shouyefill",
      "unicode": "e6ca",
      "unicode_decimal": 59082
    },
    {
      "icon_id": "1116671",
      "name": "word",
      "font_class": "word",
      "unicode": "e61e",
      "unicode_decimal": 58910
    },
    {
      "icon_id": "6503477",
      "name": "卡片数量",
      "font_class": "qiapianshuliang",
      "unicode": "e616",
      "unicode_decimal": 58902
    },
    {
      "icon_id": "12598991",
      "name": "统计",
      "font_class": "tongji",
      "unicode": "e608",
      "unicode_decimal": 58888
    },
    {
      "icon_id": "20104544",
      "name": "总耗时时长",
      "font_class": "zonghaoshishichang",
      "unicode": "e61b",
      "unicode_decimal": 58907
    }
  ]
}
