{
  "id": "3685648",
  "name": "blog",
  "font_family": "iconfont",
  "css_prefix_text": "icon-",
  "description": "",
  "glyphs": [
    {
      "icon_id": "31934212",
      "name": "午休",
      "font_class": "wuxiu",
      "unicode": "e66f",
      "unicode_decimal": 58991
    },
    {
      "icon_id": "31934216",
      "name": "其它活动",
      "font_class": "qitahuodong",
      "unicode": "e670",
      "unicode_decimal": 58992
    },
    {
      "icon_id": "551210",
      "name": "花朵",
      "font_class": "flower_circle",
      "unicode": "e606",
      "unicode_decimal": 58886
    },
    {
      "icon_id": "3197683",
      "name": "花朵",
      "font_class": "icon-test",
      "unicode": "e62e",
      "unicode_decimal": 58926
    },
    {
      "icon_id": "3858853",
      "name": "花朵",
      "font_class": "huaduo",
      "unicode": "e60d",
      "unicode_decimal": 58893
    },
    {
      "icon_id": "13602644",
      "name": "花朵",
      "font_class": "huaduo1",
      "unicode": "e602",
      "unicode_decimal": 58882
    },
    {
      "icon_id": "13916378",
      "name": "花朵",
      "font_class": "huaduo2",
      "unicode": "e630",
      "unicode_decimal": 58928
    },
    {
      "icon_id": "19463515",
      "name": "花 红花 植物 花朵",
      "font_class": "huahonghuazhiwuhuaduo",
      "unicode": "e622",
      "unicode_decimal": 58914
    },
    {
      "icon_id": "27401454",
      "name": "手绘花朵",
      "font_class": "shouhuihuaduo",
      "unicode": "ed8d",
      "unicode_decimal": 60813
    },
    {
      "icon_id": "12865460",
      "name": "梅花",
      "font_class": "meihua",
      "unicode": "e605",
      "unicode_decimal": 58885
    },
    {
      "icon_id": "738194",
      "name": "记录",
      "font_class": "jilu",
      "unicode": "e61f",
      "unicode_decimal": 58911
    },
    {
      "icon_id": "1620230",
      "name": "通讯录",
      "font_class": "tubiao-",
      "unicode": "e617",
      "unicode_decimal": 58903
    },
    {
      "icon_id": "629357",
      "name": "搜索",
      "font_class": "sousuo",
      "unicode": "e651",
      "unicode_decimal": 58961
    },
    {
      "icon_id": "6446244",
      "name": "密码（关）",
      "font_class": "tianchongxing-",
      "unicode": "e638",
      "unicode_decimal": 58936
    },
    {
      "icon_id": "6798100",
      "name": "调查日记",
      "font_class": "tiaochariji",
      "unicode": "e678",
      "unicode_decimal": 59000
    },
    {
      "icon_id": "7978873",
      "name": "智慧",
      "font_class": "icon_website_huabanfuben",
      "unicode": "e6d4",
      "unicode_decimal": 59092
    },
    {
      "icon_id": "10593772",
      "name": "帽子,知识,智慧,学识jurassic",
      "font_class": "jurassic_hat",
      "unicode": "e69a",
      "unicode_decimal": 59034
    },
    {
      "icon_id": "673798",
      "name": "首页_fill",
      "font_class": "shouyefill",
      "unicode": "e6ca",
      "unicode_decimal": 59082
    },
    {
      "icon_id": "1116671",
      "name": "word",
      "font_class": "word",
      "unicode": "e61e",
      "unicode_decimal": 58910
    },
    {
      "icon_id": "6503477",
      "name": "卡片数量",
      "font_class": "qiapianshuliang",
      "unicode": "e616",
      "unicode_decimal": 58902
    },
    {
      "icon_id": "12598991",
      "name": "统计",
      "font_class": "tongji",
      "unicode": "e608",
      "unicode_decimal": 58888
    },
    {
      "icon_id": "20104544",
      "name": "总耗时时长",
      "font_class": "zonghaoshishichang",
      "unicode": "e61b",
      "unicode_decimal": 58907
    }
  ]
}
